{"textures":{"0":"mcc:block/f/arrow","particle":"mcc:block/f/arrow"},"elements":[{"from":[0.0,0.0,8.0],"to":[16.0,16.0,8.0],"faces":{"north":{"uv":[0.0,0.0,16.0,16.0],"texture":"#0"},"south":{"uv":[16.0,0.0,0.0,16.0],"texture":"#0"}}}],"display":{"thirdperson_righthand":{"translation":[0.5,-2.25,-1.25],"rotation":[68.8,-17.73,8.64],"scale":[0.64649,0.64649,0.64649]},"thirdperson_lefthand":{"translation":[0.5,-2.25,-1.25],"rotation":[68.8,-17.73,8.64],"scale":[0.64649,0.64649,0.64649]},"firstperson_righthand":{"translation":[9.25,1.75,-5.75],"rotation":[-148.58,64.61,146.13],"scale":[0.46875,0.46875,0.46875]},"firstperson_lefthand":{"translation":[9.25,1.75,-5.75],"rotation":[-148.58,64.61,146.13],"scale":[0.46875,0.46875,0.46875]},"ground":{"translation":[0.0,8.25,0.0],"scale":[1.23047,1.23047,1.23047]},"gui":{"translation":[0.0,2.25,0.0],"rotation":[-140.5,-45.0,-180.0],"scale":[0.68945,0.68945,0.68945]},"head":{"translation":[0.0,-30.5,0.0],"scale":[1.6,1.6,1.6]},"fixed":{"translation":[0.0,-3.25,-7.5]}},"credit":"Made with Blockbench","gui_light":"front"}