{"textures":{"0":"mcc:block/f/meltdown_1","particle":"mcc:block/f/meltdown_1"},"elements":[{"from":[0.0,0.0,0.0],"to":[16.0,32.0,16.0],"faces":{"north":{"uv":[11.25,0.0,9.25,4.0],"texture":"#0"},"east":{"uv":[11.25,0.0,9.25,4.0],"texture":"#0"},"south":{"uv":[7.25,0.0,9.25,4.0],"texture":"#0"},"west":{"uv":[9.25,0.0,11.25,4.0],"texture":"#0"},"up":{"uv":[8.875,4.125,10.875,6.125],"texture":"#0"},"down":{"uv":[14.75,4.625,14.875,4.75],"texture":"#0"}}},{"from":[-2.01,-0.01,6.99],"to":[9.01,13.01,18.01],"faces":{"north":{"uv":[7.25,3.625,5.875,5.25],"texture":"#0"},"east":{"uv":[7.25,1.875,5.875,3.5],"texture":"#0"},"south":{"uv":[5.875,1.875,7.25,3.5],"texture":"#0"},"west":{"uv":[5.875,3.625,7.25,5.25],"texture":"#0"},"up":{"uv":[7.375,4.125,8.75,5.5],"texture":"#0"},"down":{"uv":[14.75,4.625,14.875,4.75],"texture":"#0"}}},{"from":[3.99,-0.01,-2.01],"to":[18.01,20.01,14.01],"faces":{"north":{"uv":[11.375,0.0,13.125,2.5],"texture":"#0"},"east":{"uv":[15.25,0.0,13.25,2.5],"texture":"#0"},"south":{"uv":[13.5,0.0,15.25,2.5],"texture":"#0"},"west":{"uv":[15.0,2.625,13.25,5.125],"texture":"#0"},"up":{"uv":[13.125,2.625,11.375,4.625],"texture":"#0"},"down":{"uv":[14.75,4.625,14.875,4.75],"texture":"#0"}}}],"display":{"thirdperson_righthand":{"translation":[0.0,1.0,-1.0],"rotation":[63.0,34.0,0.0],"scale":[0.37891,0.37891,0.37891]},"thirdperson_lefthand":{"translation":[0.0,1.0,-1.0],"rotation":[63.0,34.0,0.0],"scale":[0.37891,0.37891,0.37891]},"firstperson_righthand":{"translation":[9.5,0.0,-5.75],"rotation":[3.0,112.0,-13.0],"scale":[0.35547,0.35547,0.35547]},"firstperson_lefthand":{"translation":[9.5,0.0,-5.75],"rotation":[3.0,112.0,-13.0],"scale":[0.35547,0.35547,0.35547]},"ground":{"translation":[0.0,4.25,0.0],"scale":[0.28906,0.28906,0.28906]},"gui":{"translation":[-0.25,-2.25,0.0],"rotation":[30.0,-158.0,0.0],"scale":[0.37265,0.37265,0.37265]},"head":{"translation":[0.0,-30.5,0.0],"scale":[1.6,1.6,1.6]},"fixed":{"translation":[0.0,-3.25,-7.5]}},"credit":"Made with Blockbench"}