{"textures":{"0":"block/model/props_outdoor_1","particle":"block/model/props_outdoor_1"},"display":{"thirdperson_righthand":{"rotation":[63.0,34.0,0.0],"translation":[0.0,1.75,-1.0],"scale":[0.23829,0.23829,0.23829]},"thirdperson_lefthand":{"rotation":[63.0,34.0,0.0],"translation":[-3.0,-0.75,-1.0],"scale":[0.23829,0.23829,0.23829]},"firstperson_righthand":{"rotation":[3.0,112.0,-13.0],"translation":[4.0,0.0,-4.75],"scale":[0.25195,0.25195,0.25195]},"firstperson_lefthand":{"rotation":[3.0,112.0,-13.0],"translation":[4.0,0.0,-4.75],"scale":[0.25195,0.25195,0.25195]},"ground":{"translation":[1.75,4.25,-1.5],"scale":[0.28906,0.28906,0.28906]},"gui":{"rotation":[30.0,-158.0,0.0],"translation":[-2.0,-1.5,0.0],"scale":[0.43515,0.43515,0.43515]},"head":{"translation":[0.0,-30.5,0.0],"scale":[1.6,1.6,1.6]},"fixed":{"translation":[0.0,-3.25,-7.5]}},"texture_size":[128.0,128.0],"elements":[{"from":[4.0,-9.0,4.0],"to":[12.0,-3.0,12.0],"rotation":{"angle":0.0,"axis":"y","origin":[0.0,-18.0,0.0]},"faces":{"north":{"uv":[15.0,5.75,16.0,6.5],"texture":"#0"},"east":{"uv":[15.0,5.75,16.0,6.5],"texture":"#0"},"south":{"uv":[15.0,5.75,16.0,6.5],"texture":"#0"},"west":{"uv":[15.0,5.75,16.0,6.5],"texture":"#0"},"up":{"uv":[11.5,6.0,12.5,7.0],"texture":"#0"},"down":{"uv":[11.875,6.375,12.0,6.5],"texture":"#0"}}},{"from":[3.0,-11.0,3.0],"to":[13.0,-9.0,13.0],"rotation":{"angle":0.0,"axis":"y","origin":[0.0,-18.0,0.0]},"faces":{"north":{"uv":[13.75,5.75,15.0,6.0],"texture":"#0"},"east":{"uv":[13.75,5.75,15.0,6.0],"texture":"#0"},"south":{"uv":[13.75,5.75,15.0,6.0],"texture":"#0"},"west":{"uv":[13.75,5.75,15.0,6.0],"texture":"#0"},"up":{"uv":[12.5,6.0,13.75,7.25],"texture":"#0"},"down":{"uv":[13.75,6.0,15.0,7.25],"texture":"#0"}}},{"from":[5.0,-16.0,5.0],"to":[11.0,-11.0,11.0],"rotation":{"angle":0.0,"axis":"y","origin":[0.0,-18.0,0.0]},"faces":{"north":{"uv":[15.25,5.125,16.0,5.75],"texture":"#0"},"east":{"uv":[15.25,5.125,16.0,5.75],"texture":"#0"},"south":{"uv":[15.25,5.125,16.0,5.75],"texture":"#0"},"west":{"uv":[15.25,5.125,16.0,5.75],"texture":"#0"},"up":{"uv":[15.25,4.375,16.0,5.125],"texture":"#0"},"down":{"uv":[15.25,4.375,16.0,5.125],"texture":"#0"}}},{"from":[13.0,-10.0,2.0],"to":[13.0,-1.0,14.0],"rotation":{"angle":45.0,"axis":"z","origin":[8.0,-6.0,8.0]},"faces":{"north":{"uv":[13.375,0.0,15.125,1.125],"texture":"#0"},"east":{"uv":[13.375,4.625,14.875,5.75],"texture":"#0"},"south":{"uv":[13.375,0.0,15.125,1.125],"texture":"#0"},"west":{"uv":[13.375,4.625,14.875,5.75],"texture":"#0"},"up":{"uv":[13.375,1.125,15.125,2.875],"texture":"#0"},"down":{"uv":[13.375,2.875,15.125,4.625],"texture":"#0"}}},{"from":[3.0,-10.0,2.0],"to":[3.0,-1.0,14.0],"rotation":{"angle":-45.0,"axis":"z","origin":[8.0,-6.0,8.0]},"faces":{"north":{"uv":[13.375,0.0,15.125,1.125],"texture":"#0"},"east":{"uv":[13.375,4.625,14.875,5.75],"texture":"#0"},"south":{"uv":[13.375,0.0,15.125,1.125],"texture":"#0"},"west":{"uv":[13.375,4.625,14.875,5.75],"texture":"#0"},"up":{"uv":[15.125,2.875,13.375,1.125],"texture":"#0"},"down":{"uv":[15.125,4.625,13.375,2.875],"texture":"#0"}}},{"from":[2.0,-10.0,13.0],"to":[14.0,-1.0,13.0],"rotation":{"angle":-45.0,"axis":"x","origin":[8.0,-6.0,8.0]},"faces":{"north":{"uv":[13.375,4.625,14.875,5.75],"texture":"#0"},"east":{"uv":[13.375,0.0,15.125,1.125],"texture":"#0"},"south":{"uv":[13.375,4.625,14.875,5.75],"texture":"#0"},"west":{"uv":[13.375,0.0,15.125,1.125],"texture":"#0"},"up":{"uv":[13.375,1.125,15.125,2.875],"rotation":90.0,"texture":"#0"},"down":{"uv":[13.375,2.875,15.125,4.625],"rotation":270.0,"texture":"#0"}}},{"from":[2.0,-10.0,3.0],"to":[14.0,-1.0,3.0],"rotation":{"angle":45.0,"axis":"x","origin":[8.0,-6.0,8.0]},"faces":{"north":{"uv":[13.375,4.625,14.875,5.75],"texture":"#0"},"east":{"uv":[13.375,0.0,15.125,1.125],"texture":"#0"},"south":{"uv":[13.375,4.625,14.875,5.75],"texture":"#0"},"west":{"uv":[13.375,0.0,15.125,1.125],"texture":"#0"},"up":{"uv":[15.125,2.875,13.375,1.125],"rotation":90.0,"texture":"#0"},"down":{"uv":[15.125,4.625,13.375,2.875],"rotation":270.0,"texture":"#0"}}}]}