{
  "display": {
    "head": {
      "translation": [
        0,
        -27.75,
        6.25
      ],
      "scale": [
        1.6,
        1.6,
        1.6
      ]
    }
  },
  "texture_size": [
    128,
    128
  ],
  "textures": {
    "0": "models/hub/tiki1",
    "particle": "models/hub/tiki1"
  },
  "elements": [
    {
      "from": [
        -0.01,
        2.99,
        -9.01
      ],
      "to": [
        16.01,
        6.01,
        12.01
      ],
      "rotation": {
        "angle": 0,
        "axis": "y",
        "origin": [
          0,
          -6,
          -1
        ]
      },
      "faces": {
        "north": {
          "uv": [
            0,
            6.5,
            0.25,
            6.625
          ],
          "rotation": 90,
          "texture": "#0"
        },
        "east": {
          "uv": [
            13.625,
            11.25,
            14.0025,
            13.8775
          ],
          "rotation": 90,
          "texture": "#0"
        },
        "south": {
          "uv": [
            14,
            5.875,
            16.0025,
            8.5025
          ],
          "texture": "#0"
        },
        "west": {
          "uv": [
            13.625,
            13.8775,
            14.0025,
            11.25
          ],
          "rotation": 90,
          "texture": "#0"
        },
        "up": {
          "uv": [
            16,
            13,
            14,
            10.375
          ],
          "texture": "#0"
        },
        "down": {
          "uv": [
            14,
            5.875,
            16.0025,
            8.5025
          ],
          "texture": "#0"
        }
      }
    },
    {
      "from": [
        0,
        13.86868,
        14.95975
      ],
      "to": [
        16,
        16.86868,
        29.95975
      ],
      "rotation": {
        "angle": -45,
        "axis": "x",
        "origin": [
          0,
          4.86868,
          26.61661
        ]
      },
      "faces": {
        "north": {
          "uv": [
            0,
            6.5,
            0.25,
            6.625
          ],
          "rotation": 90,
          "texture": "#0"
        },
        "east": {
          "uv": [
            13.625,
            9.25,
            14,
            11.125
          ],
          "rotation": 90,
          "texture": "#0"
        },
        "south": {
          "uv": [
            13.625,
            11.25,
            14,
            9.25
          ],
          "rotation": 90,
          "texture": "#0"
        },
        "west": {
          "uv": [
            13.625,
            11.125,
            14,
            9.25
          ],
          "rotation": 90,
          "texture": "#0"
        },
        "up": {
          "uv": [
            16,
            10.375,
            14,
            8.5
          ],
          "texture": "#0"
        },
        "down": {
          "uv": [
            14,
            6.625,
            16,
            8.5
          ],
          "texture": "#0"
        }
      }
    },
    {
      "from": [
        -2,
        -1.7071,
        -5.58579
      ],
      "to": [
        18,
        0.2929,
        -3.58579
      ],
      "rotation": {
        "angle": 0,
        "axis": "x",
        "origin": [
          8,
          -0.7071,
          -4.58579
        ]
      },
      "faces": {
        "north": {
          "uv": [
            9.125,
            10,
            11.625,
            10.25
          ],
          "rotation": 180,
          "texture": "#0"
        },
        "east": {
          "uv": [
            9.125,
            10,
            9.375,
            10.25
          ],
          "rotation": 180,
          "texture": "#0"
        },
        "south": {
          "uv": [
            9.125,
            10.25,
            11.625,
            10
          ],
          "rotation": 180,
          "texture": "#0"
        },
        "west": {
          "uv": [
            9.375,
            10,
            9.125,
            10.25
          ],
          "rotation": 180,
          "texture": "#0"
        },
        "up": {
          "uv": [
            9.125,
            10,
            11.625,
            10.25
          ],
          "rotation": 180,
          "texture": "#0"
        },
        "down": {
          "uv": [
            9.125,
            10,
            11.625,
            10.25
          ],
          "rotation": 180,
          "texture": "#0"
        }
      }
    },
    {
      "from": [
        -2,
        -1.7071,
        16.16421
      ],
      "to": [
        18,
        0.2929,
        18.16421
      ],
      "rotation": {
        "angle": 0,
        "axis": "x",
        "origin": [
          8,
          -0.7071,
          -4.58579
        ]
      },
      "faces": {
        "north": {
          "uv": [
            9.125,
            10,
            11.625,
            10.25
          ],
          "rotation": 180,
          "texture": "#0"
        },
        "east": {
          "uv": [
            9.125,
            10,
            9.375,
            10.25
          ],
          "rotation": 180,
          "texture": "#0"
        },
        "south": {
          "uv": [
            9.125,
            10.25,
            11.625,
            10
          ],
          "rotation": 180,
          "texture": "#0"
        },
        "west": {
          "uv": [
            9.375,
            10,
            9.125,
            10.25
          ],
          "rotation": 180,
          "texture": "#0"
        },
        "up": {
          "uv": [
            9.125,
            10,
            11.625,
            10.25
          ],
          "rotation": 180,
          "texture": "#0"
        },
        "down": {
          "uv": [
            9.125,
            10,
            11.625,
            10.25
          ],
          "rotation": 180,
          "texture": "#0"
        }
      }
    },
    {
      "from": [
        -0.9,
        -6.1,
        -7.75
      ],
      "to": [
        -0.9,
        6.9,
        -5.75
      ],
      "rotation": {
        "angle": 45,
        "axis": "x",
        "origin": [
          16,
          -6,
          1.1
        ]
      },
      "faces": {
        "north": {
          "uv": [
            0.25,
            2.625,
            0.375,
            3.375
          ],
          "texture": "#0"
        },
        "east": {
          "uv": [
            9.125,
            10.25,
            9.375,
            11.875
          ],
          "texture": "#0"
        },
        "south": {
          "uv": [
            0.375,
            2.625,
            0.5,
            3.375
          ],
          "texture": "#0"
        },
        "west": {
          "uv": [
            9.375,
            10.25,
            9.125,
            11.875
          ],
          "texture": "#0"
        },
        "up": {
          "uv": [
            0,
            3.875,
            0.125,
            4
          ],
          "texture": "#0"
        },
        "down": {
          "uv": [
            0,
            3.875,
            0.125,
            4
          ],
          "texture": "#0"
        }
      }
    },
    {
      "from": [
        16.9,
        -6.1,
        -7.75
      ],
      "to": [
        16.9,
        6.9,
        -5.75
      ],
      "rotation": {
        "angle": 45,
        "axis": "x",
        "origin": [
          0,
          -6,
          1.1
        ]
      },
      "faces": {
        "north": {
          "uv": [
            0.375,
            2.625,
            0.25,
            3.375
          ],
          "texture": "#0"
        },
        "east": {
          "uv": [
            9.125,
            10.25,
            9.375,
            11.875
          ],
          "texture": "#0"
        },
        "south": {
          "uv": [
            0.5,
            2.625,
            0.375,
            3.375
          ],
          "texture": "#0"
        },